0,<!--...-->
1,<!DOCTYPE>
2,<a>
3,<abbr>
4,<acronym>
5,<address>
6,<applet>
7,<area>
8,<article>
9,<aside>
10,<audio>
11,<b>
12,<base>
13,<basefont>
14,<bdi>
15,<bdo>
16,<big>
17,<blockquote>
18,<body>
19,<br>
20,<button>
21,<canvas>
22,<caption>
23,<center>
24,<cite>
25,<code>
26,<col>
27,<colgroup>
28,<datalist>
29,<dd>
30,<del>
31,<details>
32,<dfn>
33,<dialog>
34,<dir>
35,<div>
36,<dl>
37,<dt>
38,<em>
39,<embed>
40,<fieldset>
41,<figcaption>
42,<figure>
43,<font>
44,<footer>
45,<form>
46,<frame>
47,<frameset>
48,<h1>
49,<head>
50,<header>
51,<hr>
52,<html>
53,<i>
54,<iframe>
55,<img>
56,<input>
57,<ins>
58,<kbd>
59,<keygen>
60,<label>
61,<legend>
62,<li>
63,<link>
64,<main>
65,<map>
66,<mark>
67,<menu>
68,<menuitem>
69,<meta>
70,<meter>
71,<nav>
72,<noframes>
73,<noscript>
74,<object>
75,<ol>
76,<optgroup>
77,<option>
78,<output>
79,<p>
80,<param>
81,<pre>
82,<progress>
83,<q>
84,<rp>
85,<rt>
86,<ruby>
87,<s>
88,<samp>
89,<script>
90,<section>
91,<select>
92,<small>
93,<source>
94,<span>
95,<strike>
96,<strong>
97,<style>
98,<sub>
99,<summary>
100,<sup>
101,<table>
102,<tbody>
103,<td>
104,<textarea>
105,<tfoot>
106,<th>
107,<thead>
108,<time>
109,<title>
110,<tr>
111,<track>
112,<tt>
113,<u>
114,<ul>
115,<var>
116,<video>
117,<wbr>
118,<h2>
119,<h3>
120,<h4>
121,<h5>
122,<h6>